<?xml version="1.0" encoding="UTF-8"?>
<project-private xmlns="http://www.netbeans.org/ns/project-private/1">
    <editor-bookmarks xmlns="http://www.netbeans.org/ns/editor-bookmarks/2" lastBookmarkId="0"/>
    <open-files xmlns="http://www.netbeans.org/ns/projectui-open-files/2">
        <group>
            <file>file:/C:/xampp/htdocs/photo2/admint.php</file>
            <file>file:/C:/xampp/htdocs/photo2/q3.php</file>
            <file>file:/C:/xampp/htdocs/photo2/search.php</file>
            <file>file:/C:/xampp/htdocs/photo2/home.php</file>
            <file>file:/C:/xampp/htdocs/photo2/profile.php</file>
            <file>file:/C:/xampp/htdocs/photo2/slideshow.php</file>
        </group>
    </open-files>
</project-private>
